TRUNCATE CLIENTE CASCADE ;
TRUNCATE TARJETA CASCADE ;
TRUNCATE AVION CASCADE ;
TRUNCATE PLAZA CASCADE ;
TRUNCATE LUGAR CASCADE ;
TRUNCATE AEROPUERTO CASCADE ;
TRUNCATE VUELO CASCADE ;
TRUNCATE RESERVA CASCADE ;
TRUNCATE AER_VUE CASCADE ;
TRUNCATE TARJETA_DE_EMBARQUE CASCADE ;

/*CLIENTE*/
INSERT INTO CLIENTE VALUES (20613697,'DAVID','GARCIA',04241782944);
INSERT INTO CLIENTE VALUES (18256487,'MARIA','RODRIGUEZ',02125547889);
INSERT INTO CLIENTE VALUES (19556887,'AUGUSTO','CORDERO',04143316654);
INSERT INTO CLIENTE VALUES (5885095,'RUBEN','LOAIZA',04125536652);
INSERT INTO CLIENTE VALUES (5621387,'JESUS','RIVERO',04265588755);
INSERT INTO CLIENTE VALUES (13258486,'DANIELA','CALLE',04165588685);
INSERT INTO CLIENTE VALUES (20262959,'MERCEDES','PEREZ',04241155669);
INSERT INTO CLIENTE VALUES (20556878,'DOLORES','GONZALEZ',02122556467);
INSERT INTO CLIENTE VALUES (21556847,'ELISA','GARCIA',02122646577);
INSERT INTO CLIENTE VALUES (22556585,'ISABELA','LEDEZMA',04169968875);

/*TARJETA*/
INSERT INTO TARJETA VALUES (0423456915975365,'BANESCO',22556585);
INSERT INTO TARJETA VALUES (2316987456235698,'MERCANTIL',21556847);
INSERT INTO TARJETA VALUES (1569875362569854,'VENEZUELA',20556878);
INSERT INTO TARJETA VALUES (1568697456985632,'PROVINCIAL',20262959);
INSERT INTO TARJETA VALUES (0236955656332147,'MERCANTIL',13258486);
INSERT INTO TARJETA VALUES (3132664978965456,'BANESCO',5621387);
INSERT INTO TARJETA VALUES (3156989764549846,'MERCANTIL',5885095);
INSERT INTO TARJETA VALUES (0132626492946165,'VENEZUELA',19556887);
INSERT INTO TARJETA VALUES (1046249759759725,'PROVINCIAL',18256487);
INSERT INTO TARJETA VALUES (8243126427955222,'BANESCO', 20613697);

/*AVION*/
INSERT INTO AVION VALUES (1,60);
INSERT INTO AVION VALUES (2,80);
INSERT INTO AVION VALUES (3,40);
INSERT INTO AVION VALUES (4,120);
INSERT INTO AVION VALUES (5,260);
INSERT INTO AVION VALUES (6,30);
INSERT INTO AVION VALUES (7,85);
INSERT INTO AVION VALUES (8,40);
INSERT INTO AVION VALUES (9,68);
INSERT INTO AVION VALUES (10,60);

/*PLAZA*/
INSERT INTO PLAZA VALUES (1,1,1,1);
INSERT INTO PLAZA VALUES (2,1,2,1);
INSERT INTO PLAZA VALUES (3,1,3,1);
INSERT INTO PLAZA VALUES (4,1,4,1);
INSERT INTO PLAZA VALUES (5,2,1,1);
INSERT INTO PLAZA VALUES (6,2,2,1);
INSERT INTO PLAZA VALUES (7,2,3,1);
INSERT INTO PLAZA VALUES (8,2,4,1);
INSERT INTO PLAZA VALUES (9,3,1,1);
INSERT INTO PLAZA VALUES (10,3,2,1);
INSERT INTO PLAZA VALUES (11,3,3,1);
INSERT INTO PLAZA VALUES (12,3,4,1);
INSERT INTO PLAZA VALUES (13,4,1,1);
INSERT INTO PLAZA VALUES (14,4,2,1);
INSERT INTO PLAZA VALUES (15,4,3,1);
INSERT INTO PLAZA VALUES (16,4,4,1);
INSERT INTO PLAZA VALUES (17,5,1,1);
INSERT INTO PLAZA VALUES (18,5,2,1);
INSERT INTO PLAZA VALUES (19,5,3,1);
INSERT INTO PLAZA VALUES (20,5,4,1);
INSERT INTO PLAZA VALUES (21,6,1,2);
INSERT INTO PLAZA VALUES (22,6,2,2);
INSERT INTO PLAZA VALUES (23,6,3,2);
INSERT INTO PLAZA VALUES (24,6,4,2);
INSERT INTO PLAZA VALUES (25,7,1,2);
INSERT INTO PLAZA VALUES (26,7,2,2);
INSERT INTO PLAZA VALUES (27,7,3,2);
INSERT INTO PLAZA VALUES (28,7,4,2);
INSERT INTO PLAZA VALUES (29,8,1,2);
INSERT INTO PLAZA VALUES (30,8,2,2);
INSERT INTO PLAZA VALUES (31,8,3,2);
INSERT INTO PLAZA VALUES (32,8,4,2);
INSERT INTO PLAZA VALUES (33,9,1,2);
INSERT INTO PLAZA VALUES (34,9,2,2);
INSERT INTO PLAZA VALUES (35,9,3,2);
INSERT INTO PLAZA VALUES (36,9,4,2);
INSERT INTO PLAZA VALUES (37,10,1,2);
INSERT INTO PLAZA VALUES (38,10,2,2);
INSERT INTO PLAZA VALUES (39,10,3,2);
INSERT INTO PLAZA VALUES (40,10,4,2);

/*LUGAR*/
INSERT INTO LUGAR VALUES (1,'VENEZUELA','PAIS');
INSERT INTO LUGAR VALUES (2,'CARACAS','CIUDAD',1);
INSERT INTO LUGAR VALUES (3,'CORO','CIUDAD',1);
INSERT INTO LUGAR VALUES (4,'MARGARITA','CIUDAD',1);
INSERT INTO LUGAR VALUES (5,'MARACAIBO','CIUDAD',1);
INSERT INTO LUGAR VALUES (6,'SAN CRISTOBAL','CIUDAD',1);
INSERT INTO LUGAR VALUES (7,'BARQUISIMETO','CIUDAD',1);
INSERT INTO LUGAR VALUES (8,'PUNTO FIJO','CIUDAD',1);
INSERT INTO LUGAR VALUES (9,'MARACAY','CIUDAD',1);
INSERT INTO LUGAR VALUES (10,'VALENCIA','CIUDAD',1);

/*AEROPUETO*/
Insert into AEROPUERTO values (1,'Maiquetía - Simón Bolivar',4);
Insert into AEROPUERTO values (2,'Antonio Jose de Sucre',5);
Insert into AEROPUERTO values (3,'Jose Antonio Paez',6);
Insert into AEROPUERTO values (4,'Francisco de Miranda',9);
Insert into AEROPUERTO values (5,'Negro Primero',10);
Insert into AEROPUERTO values (6,'Hugo Rafael Chávez Frías',4);
Insert into AEROPUERTO values (7,'Simon Rodríguez',3);
Insert into AEROPUERTO values (8,'Simon Rodríguez',7);
Insert into AEROPUERTO values (9,'Guzman Blanco',8);
Insert into AEROPUERTO values (10,'Cipriano Castro',2);

/*VUELO*/
Insert into VUELO values (1,TO_DATE('12/06/2016','dd/mm/yyyy'),TO_DATE('13/06/2016','dd/mm/yyyy'),300,1);
Insert into VUELO values (2,TO_DATE('21/06/2016','dd/mm/yyyy'),TO_DATE('21/06/2016','dd/mm/yyyy'),900,5);
Insert into VUELO values (3,TO_DATE('29/06/2016','dd/mm/yyyy'),TO_DATE('30/06/2016','dd/mm/yyyy'),380,6);
Insert into VUELO values (4,TO_DATE('1/06/2016','dd/mm/yyyy'),TO_DATE('3/06/2016','dd/mm/yyyy'),810,2);
Insert into VUELO values (5,TO_DATE('5/07/2016','dd/mm/yyyy'),TO_DATE('7/07/2016','dd/mm/yyyy'),630,8);
Insert into VUELO values (6,TO_DATE('12/07/2016','dd/mm/yyyy'),TO_DATE('13/07/2016','dd/mm/yyyy'),340,7);
Insert into VUELO values (7,TO_DATE('15/07/2016','dd/mm/yyyy'),TO_DATE('16/07/2016','dd/mm/yyyy'),790,3);
Insert into VUELO values (8,TO_DATE('16/06/2016','dd/mm/yyyy'),TO_DATE('17/06/2016','dd/mm/yyyy'),1000,4);
Insert into VUELO values (9,TO_DATE('22/07/2016','dd/mm/yyyy'),TO_DATE('23/07/2016','dd/mm/yyyy'),1300,10);
Insert into VUELO values (10,TO_DATE('24/07/2016','dd/mm/yyyy'),TO_DATE('25/07/2016','dd/mm/yyyy'),650,9);

/*RESERVA*/
INSERT INTO RESERVA VALUES (1,TO_DATE('15/02/2016','dd/mm/yyyy'),1,5,1,20613697);
INSERT INTO RESERVA VALUES (2,TO_DATE('12/03/2016','dd/mm/yyyy'),0,7,2,18256487);
INSERT INTO RESERVA VALUES (3,TO_DATE('20/04/2016','dd/mm/yyyy'),1,2,3,19556887);
INSERT INTO RESERVA VALUES (4,TO_DATE('30/10/2015','dd/mm/yyyy'),0,1,4,5885095);
INSERT INTO RESERVA VALUES (5,TO_DATE('21/01/2016','dd/mm/yyyy'),1,2,5,5621387);
INSERT INTO RESERVA VALUES (6,TO_DATE('05/05/2016','dd/mm/yyyy'),0,2,6,13258486);
INSERT INTO RESERVA VALUES (7,TO_DATE('14/07/2016','dd/mm/yyyy'),1,5,7,20262959);
INSERT INTO RESERVA VALUES (8,TO_DATE('16/05/2016','dd/mm/yyyy'),0,3,8,20556878);
INSERT INTO RESERVA VALUES (9,TO_DATE('04/06/2016','dd/mm/yyyy'),1,2,9,21556847);
INSERT INTO RESERVA VALUES (10,TO_DATE('30/06/2016','dd/mm/yyyy'),0,2,10,22556585);

/*AER_VUE*/
Insert into AER_VUE values (1,1,1);
Insert into AER_VUE values (2,2,0);
Insert into AER_VUE values (3,3,1);
Insert into AER_VUE values (4,6,0);
Insert into AER_VUE values (5,9,1);
Insert into AER_VUE values (6,7,0);
Insert into AER_VUE values (7,8,1);
Insert into AER_VUE values (8,2,0);
Insert into AER_VUE values (9,3,1);
Insert into AER_VUE values (10,5,0);

/*TARJETA DE EMBARQUE*/
INSERT INTO TARJETA_DE_EMBARQUE VALUES (1,20613697,1,1);
INSERT INTO TARJETA_DE_EMBARQUE VALUES (2,22556585,1,2);
INSERT INTO TARJETA_DE_EMBARQUE VALUES (3,18256487,4,3);
INSERT INTO TARJETA_DE_EMBARQUE VALUES (4,19556887,7,4);
INSERT INTO TARJETA_DE_EMBARQUE VALUES (5,5885095,10,5);
INSERT INTO TARJETA_DE_EMBARQUE VALUES (6,5621387,2,6);
INSERT INTO TARJETA_DE_EMBARQUE VALUES (7,13258486,6,7);
INSERT INTO TARJETA_DE_EMBARQUE VALUES (8,20262959,23,8);
INSERT INTO TARJETA_DE_EMBARQUE VALUES (9,20556878,21,9);
INSERT INTO TARJETA_DE_EMBARQUE VALUES (10,21556847,35,10);
INSERT INTO TARJETA_DE_EMBARQUE VALUES (11,20262959,2,2);
INSERT INTO TARJETA_DE_EMBARQUE VALUES (12,20556878,40,5);
INSERT INTO TARJETA_DE_EMBARQUE VALUES (13,21556847,19,7);
